{
  "description": "项目配置文件",
  "packOptions": {
    "ignore": [
      {
        "type": "folder",
        "value": "lakeMusic_api_server"
      }
    ]
  },
  "setting": {
    "urlCheck": false,
    "es6": false,
    "enhance": true,
    "postcss": true,
    "preloadBackgroundData": false,
    "minified": true,
    "newFeature": false,
    "coverView": true,
    "nodeModules": false,
    "autoAudits": false,
    "showShadowRootInWxmlPanel": true,
    "scopeDataCheck": false,
    "uglifyFileName": false,
    "checkInvalidKey": true,
    "checkSiteMap": true,
    "uploadWithSourceMap": true,
    "compileHotReLoad": false,
    "lazyloadPlaceholderEnable": false,
    "useMultiFrameRuntime": true,
    "useApiHook": true,
    "useApiHostProcess": true,
    "babelSetting": {
      "ignore": [],
      "disablePlugins": [],
      "outputPath": ""
    },
    "useIsolateContext": true,
    "userConfirmedBundleSwitch": false,
    "packNpmManually": false,
    "packNpmRelationList": [],
    "minifyWXSS": true,
    "showES6CompileOption": false
  },
  "compileType": "miniprogram",
  "libVersion": "2.14.4",
  "projectname": "lake_music",
  "debugOptions": {
    "hidedInDevtools": []
  },
  "scripts": {},
  "isGameTourist": false,
  "simulatorType": "wechat",
  "simulatorPluginLibVersion": {},
  "appid": "wxe0570ece83b2900b",
  "condition": {
    "plugin": {
      "list": []
    },
    "game": {
      "list": []
    },
    "gamePlugin": {
      "list": []
    },
    "miniprogram": {
      "list": [
        {
          "name": "pages/personal/personal",
          "pathName": "pages/personal/personal",
          "query": "",
          "scene": null
        },
        {
          "name": "pages/video/video",
          "pathName": "pages/video/video",
          "query": "",
          "scene": null
        },
        {
          "name": "pages/index/index",
          "pathName": "pages/index/index",
          "query": "",
          "scene": null
        },
        {
          "name": "pages/recommendSong/recommendSong",
          "pathName": "pages/recommendSong/recommendSong",
          "query": "",
          "scene": null
        },
        {
          "name": "pages/songDetail/songDetail",
          "pathName": "pages/songDetail/songDetail",
          "query": "",
          "scene": null
        },
        {
          "name": "pages/songListDetail/songListDetail",
          "pathName": "pages/songListDetail/songListDetail",
          "query": "",
          "scene": null
        }
      ]
    }
  }
}